job_title,company_name,date,location,skills,links,salary,responsibilites
Python Back End Developer,Centro Global Solutions,5 days ago,"Maadi, Cairo, Egypt ",Freelance / ProjectWork from homeEntry Level · 1 - 3 Yrs of Exp · Information Technology (IT) · Python · Computer Science · Software Development · Programming · SQL · Linux · Software · NoSQL · Agile,https://wuzzuf.net/jobs/p/cwB847x1Hk46-Python-Back-End-Developer-Centro-Global-Solutions-Cairo-Egypt?o=1&l=sp&t=sj&a=python|search-v3|hpb,,
Python Full Stack Developer,Centro Global Solutions,5 days ago,"Maadi, Cairo, Egypt ",Freelance / ProjectWork from homeEntry Level · 1 - 3 Yrs of Exp · Information Technology (IT) · Computer Science · Software Development · javaScript · Angular · Git · Software · HTML5 · Agile · CSS3,https://wuzzuf.net/jobs/p/yYQlDf4H5Rrx-Python-Full-Stack-Developer-Centro-Global-Solutions-Cairo-Egypt?o=2&l=sp&t=sj&a=python|search-v3|hpb,,
Python Frappe Developer,Confidential -,9 days ago,"6th of October, Giza, Egypt ",Full timeExperienced · 5+ Yrs of Exp · Python · Angular 7+ · PostgresSQL · MySQL · RESTful · AWS · Information Technology (IT) · Computer Science · ERPNext · JavaScript,https://wuzzuf.net/jobs/p/JmKhepFBaSE4-Python-Frappe-Developer-Giza-Egypt?o=3&l=sp&t=sj&a=python|search-v3|hpb,,
Odoo / Python Developer,GLC,8 days ago,"Obour City, Cairo, Egypt ",Full timeExperienced · 2 - 5 Yrs of Exp · males_only · Python · Information Technology (IT) · Odoo · PostgreSQL · ERP · CSS · HTML · jQuery · Computer Science · IT/Software Development,https://wuzzuf.net/jobs/p/n9K0tTYoCw9C-Odoo-Python-Developer-GLC-Cairo-Egypt?o=4&l=sp&t=sj&a=python|search-v3|hpb,,
Python Developer,Crevisoft Corporation,16 days ago,"Cairo, Egypt ",Full timeEntry Level · 1 - 5 Yrs of Exp · Python · Software Development · Postgres · RESTful · SQL · Linux · Computer Science · Information Technology (IT) · javaScript · Networking,https://wuzzuf.net/jobs/p/H1tmef2RgtH3-Python-Developer-Crevisoft-Corporation-Cairo-Egypt?o=5&l=sp&t=sj&a=python|search-v3|hpb,,
Senior Python Developer,Confidential -,21 days ago,"6th of October, Giza, Egypt ",Full timeExperienced · 5+ Yrs of Exp · Python · Django · ORM · Web Development · javaScript · HTML5 · CSS · Git · Mercurial · SVN,https://wuzzuf.net/jobs/p/5OItWJ2R8Ekg-Senior-Python-Developer-Giza-Egypt?o=6&l=sp&t=sj&a=python|search-v3|hpb,,
Asterisk / Python Application Developer,Tqniat Lab L.L.C,23 days ago,"Nasr City, Cairo, Egypt ",Full timePart timeWork from homeExperienced · 2+ Yrs of Exp · Python · Information Technology (IT) · Computer Science · Software Development · Django · Linux · Asterisk · NodeJS · Freepbx · MySQL,https://wuzzuf.net/jobs/p/6VxjCY6E2sYJ-Asterisk-Python-Application-Developer-Tqniat-Lab-L-L-C-Cairo-Egypt?o=7&l=sp&t=sj&a=python|search-v3|hpb,,
Python Developer,Arabian Advanced Systems,24 days ago,"New Cairo, Cairo, Egypt ",Full timeWork from homeExperienced · 5+ Yrs of Exp · Python · Django · ReactJS · Scrum · Agile · Computer Science · Software Development · Information Technology (IT) · DevOps · IT/Software Development,https://wuzzuf.net/jobs/p/2TvMGZsnJNu2-Python-Developer-Arabian-Advanced-Systems-Cairo-Egypt?o=8&l=sp&t=sj&a=python|search-v3|hpb,,
Senior Software Engineer - Backend Python,unilearn,1 month ago,"6th of October, Giza, Egypt ",Full timePart timeExperienced · 3+ Yrs of Exp · Python · API's · Django · SQL · Flask · Big Data · GIT · Python Development · Computer Science · Information Technology (IT),https://wuzzuf.net/jobs/p/RyHMn0nbWOdn-Senior-Software-Engineer---Backend-Python-unilearn-Giza-Egypt?o=9&l=sp&t=sj&a=python|search-v3|hpb,,
Python Developer - Internship,RaccoonPlatform,1 month ago,"Smart Village, Giza, Egypt ",InternshipStudent · Information Technology (IT) · Computer Science · Software Development · Python · Engineering · IT/Software Development · Engineering - Telecom/Technology,https://wuzzuf.net/jobs/p/3gy5rqdcmFUR-Python-Developer---Internship-RaccoonPlatform-Giza-Egypt?o=10&l=sp&t=sj&a=python|search-v3|hpb,,
Backend Engineer (Python) - Remote,Meddy,1 month ago,"Cairo, Egypt ",Full timeWork from homeExperienced · 3 - 8 Yrs of Exp · python · django · AWS · Git · Devops · Information Technology (IT) · Computer Science · Software Development · Backend · Software,https://wuzzuf.net/jobs/p/eUOUCyMUeayo-Backend-Engineer-Python---Remote-Meddy-Cairo-Egypt?o=11&l=sp&t=sj&a=python|search-v3|hpb,,
Senior Python Developer - Full Stack,ExaServe LLC,1 month ago,"Nasr City, Cairo, Egypt ",Full timeExperienced · 4 - 7 Yrs of Exp · Python Development · Web Applications · Python · Django · Flask · HTML · Firebase · API’s · Design · Testing,https://wuzzuf.net/jobs/p/u0YYBLmlxs6O-Senior-Python-Developer---Full-Stack-ExaServe-LLC-Cairo-Egypt?o=12&l=sp&t=sj&a=python|search-v3|hpb,,
Senior Python Developer (Remotly),BeSteam,1 month ago,"Nasr City, Cairo, Egypt ",Part timeFreelance / ProjectWork from homeExperienced · 4 - 6 Yrs of Exp · Python · Information Technology (IT) · Computer Science · Software Development · Programming · Communication Skills · Framework · Web · Security Compliance · IT/Software Development,https://wuzzuf.net/jobs/p/5F7xVY3oKIO7-Senior-Python-Developer-Remotly-BeSteam-Cairo-Egypt?o=13&l=sp&t=sj&a=python|search-v3|hpb,,
Senior Software Engineer (Backend - Python),Nana,1 month ago,"Sheraton, Cairo, Egypt ",Full timeExperienced · 3+ Yrs of Exp · Python · Computer Science · Software · SQL · Git · API · REST · Django · Frappe · Flask,https://wuzzuf.net/jobs/p/wdCCzZO1Iega-Senior-Software-Engineer-Backend---Python-Nana-Cairo-Egypt?o=14&l=sp&t=sj&a=python|search-v3|hpb,,
Senior Software Engineer,Paymob Solutions,10 days ago,"Maadi, Cairo, Egypt ",Full timeExperienced · 2+ Yrs of Exp · Python · Computer Science · Software Engineering · Framework · Software Development · AWS · Information Technology (IT) · javaScript · Web Services · ReactJS,https://wuzzuf.net/jobs/p/gKCKYA1sJBYd-Senior-Software-Engineer-Paymob-Solutions-Cairo-Egypt?o=15&l=sp&t=sj&a=python|search-v3|hpb,,
Software Engineer,Paymob Solutions,2 days ago,"Maadi, Cairo, Egypt ",Full timeExperienced · 2 - 3 Yrs of Exp · Python · Computer Science · Software Engineering · Framework · Software Development · AWS · Information Technology (IT) · javaScript · Web Services · ReactJS,https://wuzzuf.net/jobs/p/VaPx1VZG5V99-Software-Engineer-Paymob-Solutions-Cairo-Egypt?o=16&l=sp&t=sj&a=python|search-v3|hpb,,
Full Stack Engineer,10BE5 Ltd.,4 days ago,"London, United Kingdom ",Full timeWork from homeExperienced · 2 - 5 Yrs of Exp · Software Development · Computer Science · Software Engineering · React · Python · Information Technology (IT) · Software · SQLite · Node.js · React.js,https://wuzzuf.net/jobs/p/islgPmsOxISJ-Full-Stack-Engineer-10BE5-Ltd-London-United-Kingdom?o=17&l=sp&t=sj&a=python|search-v3|hpb,,
Devops Engineer,IoTBlue,5 days ago,"Heliopolis, Cairo, Egypt ",Full timeExperienced · 2 - 4 Yrs of Exp · Information Technology (IT) · DevOps · Software Development · Cloud · Computer Science · Python · Git · Docker · Jenkins · AWS,https://wuzzuf.net/jobs/p/60nfvhkXrZad-Devops-Engineer-IoTBlue-Cairo-Egypt?o=18&l=sp&t=sj&a=python|search-v3|hpb,,
Senior Odoo Development Specialist,Smart IT,3 days ago,"Nasr City, Cairo, Egypt ",Full timePart timeExperienced · 2+ Yrs of Exp · Information Technology (IT) · Odoo · Computer Science · Python · PostgreSQL · javaScript · HTML · Software Development · Django · GIT,https://wuzzuf.net/jobs/p/3EMIDQtNFBTu-Senior-Odoo-Development-Specialist-Smart-IT-Cairo-Egypt?o=19&l=sp&t=sj&a=python|search-v3|hpb,,
Odoo Developer,E3mel Business for Financial & Managerial Consultancy,5 days ago,"Maadi, Cairo, Egypt ",Full timeEntry Level · 1 - 3 Yrs of Exp · males_only · Computer Science · Information Technology (IT) · Python · Software Development · Odoo · Software · SCRUM · Communication Skills · Development · CSS,https://wuzzuf.net/jobs/p/iD4lT237Aw3K-Odoo-Developer-E3mel-Business-for-Financial-Managerial-Consultancy-Cairo-Egypt?o=20&l=sp&t=sj&a=python|search-v3|hpb,,
Full Stack Developer,Confidential -,5 days ago,"New Cairo, Cairo, Egypt ",Full timePart timeWork from homeExperienced · 3 - 6 Yrs of Exp · Computer Science · Information Technology (IT) · Web Development · Software Development · Angular · Ruby · Development · Mobile Development · Software Engineering · Mobile Application,https://wuzzuf.net/jobs/p/oaEBC0Yng6Po-Full-Stack-Developer-Cairo-Egypt?o=21&l=sp&t=sj&a=python|search-v3|hpb,,
DevOps Engineer - Cairo,Master Linux,3 days ago,"Heliopolis, Cairo, Egypt ",Full timeExperienced · 3 - 7 Yrs of Exp · Information Technology (IT) · Computer Science · DevOps · Software Development · Software Engineering · Engineering · Linux · AWS · SQL · Software,https://wuzzuf.net/jobs/p/0o1eRJzYYW2R-DevOps-Engineer---Cairo-Master-Linux-Cairo-Egypt?o=22&l=sp&t=sj&a=python|search-v3|hpb,,
Full Stack Developer,BusinessClouds,2 days ago,"Heliopolis, Cairo, Egypt ",Full timeWork from homeExperienced · 3 - 5 Yrs of Exp · Information Technology (IT) · Computer Science · Software Development · Software Engineering · Software · CSS · HTML · javaScript · MySQL · Python,https://wuzzuf.net/jobs/p/wlnWtgLKBBWh-Full-Stack-Developer-BusinessClouds-Cairo-Egypt?o=23&l=sp&t=sj&a=python|search-v3|hpb,,
Enterprise Software Developer,eT3 - Tomorrow Information Technology,2 days ago,"New Cairo, Cairo, Egypt ",Full timeEntry Level · 1+ Yrs of Exp · Information Technology (IT) · Computer Science · Fullstack · Frontend Development · HTML · CSS · javaScript · Backend Development · Python · Django,https://wuzzuf.net/jobs/p/PguVr6WBKodx-Enterprise-Software-Developer-eT3---Tomorrow-Information-Technology-Cairo-Egypt?o=24&l=sp&t=sj&a=python|search-v3|hpb,,
Senior Quality Control Engineer,700 apps,5 days ago,"Mohandessin, Giza, Egypt ",Full timeExperienced · 5 - 8 Yrs of Exp · Quality Control · Quality Assurance · Information Technology (IT) · Computer Science · Selenium · SoapUI · SQL · Testing · Quality · Web Applications,https://wuzzuf.net/jobs/p/uQMzzM2IZH1u-Senior-Quality-Control-Engineer-700-apps-Giza-Egypt?o=25&l=sp&t=sj&a=python|search-v3|hpb,,
DevOps Engineer,Beshara,5 days ago,"Nasr City, Cairo, Egypt ",Full timeExperienced · 3+ Yrs of Exp · Information Technology (IT) · DevOps · Software Development · Computer Engineering · Computer Science · Python · Java · Git · javaScript · IT/Software Development,https://wuzzuf.net/jobs/p/upFLXDvx41kI-DevOps-Engineer-Beshara-Cairo-Egypt?o=26&l=sp&t=sj&a=python|search-v3|hpb,,
Machine Learning Specialist,Fawry Banking & Payment Technology Services,7 days ago,"6th of October, Giza, Egypt ",Full timeExperienced · 2 - 4 Yrs of Exp · Machine Learning · Information Technology (IT) · Programming · SQL · Computer Science · Keras · Java · Computer Engineering · Engineering · Python,https://wuzzuf.net/jobs/p/PsrExjO37YYS-Machine-Learning-Specialist-Fawry-Banking-Payment-Technology-Services-Giza-Egypt?o=27&l=sp&t=sj&a=python|search-v3|hpb,,
Senior Backend Engineer,adam.ai,11 days ago,"Cairo, Egypt ",Full timeExperienced · 2 - 3 Yrs of Exp · Software Engineering · Backend · Information Technology (IT) · Computer Science · Software Development · Engineering · MySQL · Software · OOP · Python,https://wuzzuf.net/jobs/p/EUoX60R7uLM8-Senior-Backend-Engineer-adam-ai-Cairo-Egypt?o=28&l=sp&t=sj&a=python|search-v3|hpb,,
Full Stack Node.js Developer,Master Linux,9 days ago,"Heliopolis, Cairo, Egypt ",Full timeExperienced · 2 - 5 Yrs of Exp · GraphQL · Restful API · Java · Node.js · Full Stack · Software Development · Agile · NoSQL · SQL · HTML,https://wuzzuf.net/jobs/p/EmHDXNPeBRK2-Full-Stack-Nodejs-Developer-Master-Linux-Cairo-Egypt?o=29&l=sp&t=sj&a=python|search-v3|hpb,,
Application Engineer ( Delta Area ),Confidential -,9 days ago,"Dakahlia, Egypt ",Full timeExperienced · 2+ Yrs of Exp · Engineering · Biomedical Engineering · Biomedical · Customer Service · English · Ms Office · Medical · Installation · Computer Science · Computer Engineering,https://wuzzuf.net/jobs/p/maLUyhOCTAtk-Application-Engineer-Delta-Area-Dakahlia-Egypt?o=30&l=sp&t=sj&a=python|search-v3|hpb,,
Odoo Implementer / Developer For E-Commerce,Kick Start Interactive,2 days ago,"Cairo, Egypt ",Full timeEntry Level · 1 - 3 Yrs of Exp · Information Technology (IT) · Computer Science · Odoo · Software Development · Python · PostgreSQL · Development · HTML · GIT · JQuery,https://wuzzuf.net/jobs/p/uPVOp6XwI526-Odoo-Implementer-Developer-For-E-Commerce-Kick-Start-Interactive-Cairo-Egypt?o=31&l=sp&t=sj&a=python|search-v3|hpb,,
Sr.DevOps Engineer,Fixed Solutions,4 days ago,"Sheraton, Cairo, Egypt ",Full timeExperienced · 2 - 5 Yrs of Exp · Ci/CD · Docker · OpenShift · Linux · DevOps · Ansible · Information Technology (IT) · Telecommunication · Computer Science · Unix,https://wuzzuf.net/jobs/p/5zMzUIYj1yNN-SrDevOps-Engineer-Fixed-Solutions-Cairo-Egypt?o=32&l=sp&t=sj&a=python|search-v3|hpb,,
SOC Security Engineer,Paymob Solutions,4 days ago,"Maadi, Cairo, Egypt ",Full timeEntry Level · 1 - 3 Yrs of Exp · SOC · Information Technology (IT) · Computer Science · Security · Computer Engineering · Information Security · Splunk · Security Operations · Python · Engineering,https://wuzzuf.net/jobs/p/cl7aOwtV38xF-SOC-Security-Engineer-Paymob-Solutions-Cairo-Egypt?o=33&l=sp&t=sj&a=python|search-v3|hpb,,
Software Solution Architect,Leader,5 days ago,"Nasr City, Cairo, Egypt ",Full timeExperienced · 5+ Yrs of Exp · Information Technology (IT) · TOGAF · COBIT · ITIL · Computer Science · HTML · CSS · MySQL · Oracle · MongoDB,https://wuzzuf.net/jobs/p/vwiFDh69vqWp-Software-Solution-Architect-Leader-Cairo-Egypt?o=34&l=sp&t=sj&a=python|search-v3|hpb,,
Senior Linux System Engineer,Link Datacenter,7 days ago,"Dokki, Giza, Egypt ",Full timeExperienced · 3 - 5 Yrs of Exp · Engineering · Communication Engineering · Information Technology (IT) · Computer Science · Installation · Maintenance · Solaris · CentOS · RedHat · NGINX,https://wuzzuf.net/jobs/p/MN2SGDOKV7ac-Senior-Linux-System-Engineer-Link-Datacenter-Giza-Egypt?o=35&l=sp&t=sj&a=python|search-v3|hpb,,
Technical Office Engineer,Trufla,10 days ago,"Heliopolis, Cairo, Egypt ",Full timeExperienced · 2+ Yrs of Exp · Technical Support · Software · Technical Office · IT Information Technology · Computer Science · MySQL · Git · PHP · Javascript · Linux,https://wuzzuf.net/jobs/p/KilW898gm9NQ-Technical-Office-Engineer-Trufla-Cairo-Egypt?o=36&l=sp&t=sj&a=python|search-v3|hpb,,
Senior DevOps Engineer,Trufla,10 days ago,"Heliopolis, Cairo, Egypt ",Full timeExperienced · 4 - 6 Yrs of Exp · Software Engineering · DevOps · Computer Science · Automation · Python · AWS · Information Technology (IT) · Docker · Azure · CI/CD,https://wuzzuf.net/jobs/p/BAx8ugPx9D0j-Senior-DevOps-Engineer-Trufla-Cairo-Egypt?o=37&l=sp&t=sj&a=python|search-v3|hpb,,
Software Project Manager,Onecard,11 days ago,"Nasr City, Cairo, Egypt ",Full timeExperienced · 8+ Yrs of Exp · Information Technology (IT) · UNIX · Linux · Python · Ruby · Java · Programming · HTTP · SSL · SMTP,https://wuzzuf.net/jobs/p/jx8iLxjQc8N7-Software-Project-Manager-Onecard-Cairo-Egypt?o=38&l=sp&t=sj&a=python|search-v3|hpb,,
Odoo Developer - Remote,Confidential -,10 days ago,"Cairo, Egypt ",Full timeWork from homeEntry Level · 1 - 3 Yrs of Exp · Computer Science · Odoo · Python · Development · Integration · Information Technology (IT) · Developer · odoo developer · IT/Software Development · Engineering - Telecom/Technology,https://wuzzuf.net/jobs/p/scoht9ccBSec-Odoo-Developer---Remote-Cairo-Egypt?o=39&l=sp&t=sj&a=python|search-v3|hpb,,
Application Support Engineer,Confidential -,8 days ago,"Mohandessin, Giza, Egypt ",Full timeExperienced · 4 - 7 Yrs of Exp · Computer Science · Application Support · Support · Information Technology (IT) · Bitrix · Python · javaScript · IT/Software Development · Engineering - Telecom/Technology,https://wuzzuf.net/jobs/p/mhUyc1glkhaO-Application-Support-Engineer-Giza-Egypt?o=40&l=sp&t=sj&a=python|search-v3|hpb,,
Senior Software Tester,RDI,18 days ago,"Dokki, Giza, Egypt ",Full timeExperienced · 3+ Yrs of Exp · Testing · Software Testing · Quality Control · Mobile Testing · Information Technology (IT) · Computer Engineering · Linux · Database Systems · Burp Suite · SQL MAP,https://wuzzuf.net/jobs/p/8VH1Zx4vRhL9-Senior-Software-Tester-RDI-Giza-Egypt?o=41&l=sp&t=sj&a=python|search-v3|hpb,,
Junior Odoo Developer,Archer Solutions,8 days ago,"New Cairo, Cairo, Egypt ",Full timeEntry Level · 0 - 1 Yrs of Exp · Python · Django · JavaScript · CSS · Odoo · Git · RDBMS · PostgreSQL · Ubuntu · Computer Science,https://wuzzuf.net/jobs/p/KYcpLUrdVEuB-Junior-Odoo-Developer-Archer-Solutions-Cairo-Egypt?o=42&l=sp&t=sj&a=python|search-v3|hpb,,
.NET SW Engineer - C#,ICT Cube,15 days ago,"Maadi, Cairo, Egypt ",Full timeExperienced · 7+ Yrs of Exp · ASP.NET · .NET · Software Development · Software Engineering · Computer Science · Information Technology (IT) · OOP · System Design · Data Analysis · Data Structure,https://wuzzuf.net/jobs/p/oZUjvCT6TOg5-NET-SW-Engineer---C-ICT-Cube-Cairo-Egypt?o=43&l=sp&t=sj&a=python|search-v3|hpb,,
Senior Front-End Developer - Angular,Trufla,10 days ago,"Heliopolis, Cairo, Egypt ",Full timeExperienced · 3+ Yrs of Exp · JavaScript · Front-End · Software Development · Web Development · Computer Science · JQuery · Angular · HTML · CSS · Python,https://wuzzuf.net/jobs/p/fqGJBRTc8xrj-Senior-Front-End-Developer---Angular-Trufla-Cairo-Egypt?o=44&l=sp&t=sj&a=python|search-v3|hpb,,
Senior Back End PHP Developer,Second profit  ,17 days ago,"Heliopolis, Cairo, Egypt ",Full timeExperienced · 5+ Yrs of Exp · PHP · Programming · Symfony · MySQL · AWS · Software Development · Laravel · Docker · Computer Science · Information Technology (IT),https://wuzzuf.net/jobs/p/7WTnR7stsude-Senior-Back-End-PHP-Developer-Second-profit-Cairo-Egypt?o=45&l=sp&t=sj&a=python|search-v3|hpb,,
Senior Full Stack .Net Developer,GET Group- Egypt,16 days ago,"Sheraton, Cairo, Egypt ",Full timeExperienced · 6+ Yrs of Exp · Information Technology (IT) · Computer Science · Computer Engineering · Software Development · Software Engineering · C# · WPF · MVC · C++ · Python,https://wuzzuf.net/jobs/p/vCt7GjzWOqih-Senior-Full-Stack-Net-Developer-GET-Group--Egypt-Cairo-Egypt?o=46&l=sp&t=sj&a=python|search-v3|hpb,,
Odoo Developer,Confidential -,17 days ago,"Nasr City, Cairo, Egypt ",Full timeEntry Level · 1 - 3 Yrs of Exp · males_only · Odoo · Python · Information Technology (IT) · Computer Science · Software Development · Developer · HTML · PostgreSQL · CSS · API,https://wuzzuf.net/jobs/p/IARqtvzCXZzg-Odoo-Developer-Cairo-Egypt?o=47&l=sp&t=sj&a=python|search-v3|hpb,,
Senior Node JS Developer,Master Linux,20 days ago,"Heliopolis, Cairo, Egypt ",Full timeExperienced · 5 - 10 Yrs of Exp · GraphQL · Restful API · Java · Node.js · Full Stack · Software Development · Agile · NoSQL · SQL · HTML,https://wuzzuf.net/jobs/p/mtb0YGbOrsPj-Senior-Node-JS-Developer-Master-Linux-Cairo-Egypt?o=48&l=sp&t=sj&a=python|search-v3|hpb,,
Software Automation Engineer,Flairstech,26 days ago,"Maadi, Cairo, Egypt ",Full timeExperienced · 3 - 5 Yrs of Exp · Information Technology (IT) · Computer Science · Software Testing · Automation · Testing · Software · Python · Selenium · Automation Testing · Programming,https://wuzzuf.net/jobs/p/rejx7AANLAfU-Software-Automation-Engineer-Flairstech-Cairo-Egypt?o=49&l=sp&t=sj&a=python|search-v3|hpb,,
Odoo Developer,2s Home Wear,24 days ago,"New Cairo, Cairo, Egypt ",Full timeEntry Level · 1 - 3 Yrs of Exp · Computer Science · Information Technology (IT) · Odoo · Python · HTML · PostgreSQL · XML · Linux · Engineering · CSS,https://wuzzuf.net/jobs/p/bldo25V9ctRY-Odoo-Developer-2s-Home-Wear-Cairo-Egypt?o=50&l=sp&t=sj&a=python|search-v3|hpb,,
Senior Full Stack Developer,Confidential -,24 days ago,"Cairo, Egypt ",Full timeWork from homeExperienced · 4+ Yrs of Exp · Angular · .NET · React · Agile · machine learning · Python · video processing · Information Technology (IT) · Computer Science · Software Development,https://wuzzuf.net/jobs/p/TqNArigQPjRD-Senior-Full-Stack-Developer-Cairo-Egypt?o=51&l=sp&t=sj&a=python|search-v3|hpb,,
Senior .NET Full Stack Developer,Excel Systems  ,24 days ago,"Sheikh Zayed, Giza, Egypt ",Full timeExperienced · 4 - 6 Yrs of Exp · males_only · ASP.NET · ADO.NET · C#.Net · .NET · .NEt Full Stack Developer · Full Stack Developer · java · Python · HTML · react,https://wuzzuf.net/jobs/p/vPBIay523R4O-Senior-NET-Full-Stack-Developer-Excel-Systems-Giza-Egypt?o=52&l=sp&t=sj&a=python|search-v3|hpb,,
Linux Engineer,ExaServe LLC,24 days ago,"Nasr City, Cairo, Egypt ",Full timeExperienced · 3+ Yrs of Exp · Python · DevOps · Ansible · Linux · Bash · Docker · AWS · Cloud · Automation · Software Development,https://wuzzuf.net/jobs/p/Y0mBlLY5XVpU-Linux-Engineer-ExaServe-LLC-Cairo-Egypt?o=53&l=sp&t=sj&a=python|search-v3|hpb,,
Front-End Developer Team Leader - Alexandria,Caduceus Lane,22 days ago,"Alexandria, Egypt ",Full timeManager · 5+ Yrs of Exp · Java · C++ · C# · HTML · CSS · Python · Information Technology (IT) · Adobe Illustrator · Adobe Indesign · Web Design,https://wuzzuf.net/jobs/p/IH7AscklxQQg-Front-End-Developer-Team-Leader---Alexandria-Caduceus-Lane-Alexandria-Egypt?o=54&l=sp&t=sj&a=python|search-v3|hpb,,
Data Scientist,B.Tech,26 days ago,"Nasr City, Cairo, Egypt ",Full timeEntry Level · 1 - 2 Yrs of Exp · Information Technology (IT) · Software Engineering · MySQL · SQL · Python · Mathematics · Statistics · Computer Science · Data Science · IT/Software Development,https://wuzzuf.net/jobs/p/HCrq9dQjE0Jp-Data-Scientist-B-Tech-Cairo-Egypt?o=55&l=sp&t=sj&a=python|search-v3|hpb,,
Machine Learning - Intern - India,AIESEC Cairo University,25 days ago,"Hyderabad, India ",InternshipStudent · Machine Learning · Tensorflow · Python · deep learning · SQL · Software Engineering · Information Technology ( IT ) · Computer Science · C++ · Installation/Maintenance/Repair,https://wuzzuf.net/jobs/p/2AEZcv0AZ1in-Machine-Learning---Intern---India-AIESEC-Cairo-University-Hyderabad-India?o=56&l=sp&t=sj&a=python|search-v3|hpb,,
Senior Computer Vision / Deep Learning Engineer,Master Linux,29 days ago,"Heliopolis, Cairo, Egypt ",Full timeExperienced · 4+ Yrs of Exp · Information Technology (IT) · Computer Science · Computer Vision · Deep Learning · Software Engineering · CNN · ML/CV · Tensorflow · Pytorch · NLP,https://wuzzuf.net/jobs/p/rZr1NCAx5eal-Senior-Computer-Vision-Deep-Learning-Engineer-Master-Linux-Cairo-Egypt?o=57&l=sp&t=sj&a=python|search-v3|hpb,,
Junior Data Scientist,Premier Services and Recruitment,1 month ago,"Downtown, Cairo, Egypt ",Full timeExperienced · 2 - 4 Yrs of Exp · Data Science · Data Scientist · AI · Machine Learning · Information Technology (IT) · Computer Science · Engineering · Python · SQL · javaScript,https://wuzzuf.net/jobs/p/pS4lWq5OmOXE-Junior-Data-Scientist-Premier-Services-and-Recruitment-Cairo-Egypt?o=58&l=sp&t=sj&a=python|search-v3|hpb,,
Lead Java Developer,Infinity Business Solutions,29 days ago,"Basatin, Cairo, Egypt ",Full timeManager · 5+ Yrs of Exp · Java · Computer Science · Information Technology (IT) · Software Development · Software · Engineering · Computer Engineering · Docker · Python · AWS,https://wuzzuf.net/jobs/p/ipMSk0OWcoFU-Lead-Java-Developer-Infinity-Business-Solutions-Cairo-Egypt?o=59&l=sp&t=sj&a=python|search-v3|hpb,,
SOC Analyst,Etisalat Misr,29 days ago,"Cairo, Egypt ",Full timeExperienced · 2 - 5 Yrs of Exp · Information Technology (IT) · SOC · Computer Science · C++ · Cyber Security · Engineering · SIEM · NIST · TCP/IP · Python,https://wuzzuf.net/jobs/p/zyzWMLao6qOZ-SOC-Analyst-Etisalat-Misr-Cairo-Egypt?o=60&l=sp&t=sj&a=python|search-v3|hpb,,
Junior Software Engineer - Backend,Confidential -,29 days ago,"Cairo, Egypt ",Full timeEntry Level · 0 - 2 Yrs of Exp · Backend · Software Development · Software Engineering · Database · Fintech · Information Technology (IT) · Computer Science · Computer Engineering · Python · IT/Software Development,https://wuzzuf.net/jobs/p/PjcVbDzyVftm-Junior-Software-Engineer---Backend-Cairo-Egypt?o=61&l=sp&t=sj&a=python|search-v3|hpb,,
Full Stack Web Developer,Heliopolis University,1 month ago,"Salam City, Cairo, Egypt ",Full timeExperienced · 2 - 3 Yrs of Exp · javaScript · English · Software Development · Information Technology (IT) · Computer Science · PHP · Angular · MySQL · SQL · .NET,https://wuzzuf.net/jobs/p/jwCQZBwJyDGn-Full-Stack-Web-Developer-Heliopolis-University-Cairo-Egypt?o=62&l=sp&t=sj&a=python|search-v3|hpb,,
Senior IoT Engineer,Spectro,1 month ago,"Maadi, Cairo, Egypt ",Full timeExperienced · 5+ Yrs of Exp · Computer Science · Information Technology (IT) · IoT · Python · Embedded · IT/Software Development · Engineering - Telecom/Technology,https://wuzzuf.net/jobs/p/lHkHReGuAphZ-Senior-IoT-Engineer-Spectro-Cairo-Egypt?o=63&l=sp&t=sj&a=python|search-v3|hpb,,
Head of Software Development (Leading Alexandria Branch),Smartera 3S ,1 month ago,"Alexandria, Egypt ",Full timeManager · 10+ Yrs of Exp · Software Engineering · Computer Engineering · System Design · Computer Science · Information Systems · Scrum · Scala · Java J2EE · EJB · Python,https://wuzzuf.net/jobs/p/X72uSQSE3xqj-Head-of-Software-Development-Leading-Alexandria-Branch-Smartera-3S-Alexandria-Egypt?o=64&l=sp&t=sj&a=python|search-v3|hpb,,
ETL Engineer,Tech-Hub,1 month ago,"6th of October, Giza, Egypt ",Full timeEntry Level · 1 - 5 Yrs of Exp · Big Data · Computer Science · Kafka · Spark · Python · Information Technology (IT) · SQL · NoSQL · Hadoop · AWS,https://wuzzuf.net/jobs/p/M9Ecww653va8-ETL-Engineer-Tech-Hub-Giza-Egypt?o=65&l=sp&t=sj&a=python|search-v3|hpb,,
Odoo Developer,Neusoft,1 month ago,"Nasr City, Cairo, Egypt ",Full timeExperienced · 2 - 4 Yrs of Exp · Computer Science · Information Technology (IT) · Odoo · Python · Software Development · Engineering · ERP · HTML · javaScript · XML,https://wuzzuf.net/jobs/p/FZFQeKZ0A88m-Odoo-Developer-Neusoft-Cairo-Egypt?o=66&l=sp&t=sj&a=python|search-v3|hpb,,
Full Stack Developer,Art dimension,1 month ago,"Dokki, Giza, Egypt ",Full timeExperienced · 5+ Yrs of Exp · Information Technology (IT) · Software Development · Full Stack · MySQL · jQuery · CSS · HTML · javaScript · Angular · Computer Science,https://wuzzuf.net/jobs/p/SdbVgg6ApUfu-Full-Stack-Developer-Art-dimension-Giza-Egypt?o=67&l=sp&t=sj&a=python|search-v3|hpb,,
Senior Javascript Developer,Paymob Solutions,1 month ago,"Maadi, Cairo, Egypt ",Full timeExperienced · 2 - 4 Yrs of Exp · javaScript · Information Technology (IT) · Front-End · HTML5 · Software Development · Django · Computer Science · AngularJS · ReactJS · Grunt,https://wuzzuf.net/jobs/p/bHdNuW8Q5uDY-Senior-Javascript-Developer-Paymob-Solutions-Cairo-Egypt?o=68&l=sp&t=sj&a=python|search-v3|hpb,,
SRE & Support Engineer - Cairo,Cegedim,1 month ago,"New Cairo, Cairo, Egypt ",Full timeExperienced · 2+ Yrs of Exp · Jira · Saltstack · Jenkins · Linux · Oracle · MongoDB · Bash · Powershell · Python · Groovy,https://wuzzuf.net/jobs/p/3BEzcAtfnCl7-SRE-Support-Engineer---Cairo-Cegedim-Cairo-Egypt?o=69&l=sp&t=sj&a=python|search-v3|hpb,,
Infrastructure Automation Developer,Cegedim,1 month ago,"New Cairo, Cairo, Egypt ",Full timeExperienced · 3+ Yrs of Exp · DevOps · IT · Automation · Computer Science · Computer Engineering · Information Technology (IT) · Jira · Terraform · Ansible · Jenkins,https://wuzzuf.net/jobs/p/ve6Ox1BSUI0W-Infrastructure-Automation-Developer-Cegedim-Cairo-Egypt?o=70&l=sp&t=sj&a=python|search-v3|hpb,,
Senior Data Analyst\Trainer,Pharous LLC,1 month ago,"Alexandria, Egypt ",Full timeExperienced · 3 - 6 Yrs of Exp · Data Analysis · Analysis · Computer Science · SQL · Python · Business Intelligence · MIS · Microsoft Excel · Data · Information Technology (IT),https://wuzzuf.net/jobs/p/wHvT3pIOIzOW-Senior-Data-AnalystTrainer-Pharous-LLC-Alexandria-Egypt?o=71&l=sp&t=sj&a=python|search-v3|hpb,,
QC Engineer,Pharous LLC,1 month ago,"Alexandria, Egypt ",Full timeExperienced · 2 - 3 Yrs of Exp · Software Development · QA · Information Technology (IT) · Computer Science · Quality Control · QC · Quality Assurance · Testing · Selenium · Science,https://wuzzuf.net/jobs/p/UqGkrOXHfvXd-QC-Engineer-Pharous-LLC-Alexandria-Egypt?o=72&l=sp&t=sj&a=python|search-v3|hpb,,
Backend Developer (PHP),La Casa Code,1 month ago,"Sheikh Zayed, Giza, Egypt ",Full timeExperienced · 5 - 10 Yrs of Exp · Software Development · MySQL · aws · SQL · RabbitMQ · GraphQL · APIs · Python · SOLID · Docker,https://wuzzuf.net/jobs/p/4GuLYcyxCAtd-Backend-Developer-PHP-La-Casa-Code-Giza-Egypt?o=73&l=sp&t=sj&a=python|search-v3|hpb,,
Software Technical Lead,THE PLATFORM,1 month ago,"New Cairo, Cairo, Egypt ",Full timeManager · 4 - 6 Yrs of Exp · Computer Science · Software Engineering · SQL · NodeJS · ReactJS · Python · Development · Software Development · Computer Engineering · Information Technology (IT),https://wuzzuf.net/jobs/p/lVm8iNgSxjkM-Software-Technical-Lead-THE-PLATFORM-Cairo-Egypt?o=74&l=sp&t=sj&a=python|search-v3|hpb,,
Senior Penetration Tester,SURE International Technology,1 month ago,"Nasr City, Cairo, Egypt ",Full timeExperienced · 5 - 7 Yrs of Exp · Information Technology (IT) · Computer Science · Computer Engineering · Testing · ASP.NET · C# · Python · JavaScript · IT/Software Development · Quality,https://wuzzuf.net/jobs/p/VjBf3jDloJNU-Senior-Penetration-Tester-SURE-International-Technology-Cairo-Egypt?o=75&l=sp&t=sj&a=python|search-v3|hpb,,
Data Analyst,Shiny White Dental Center ,1 month ago,"Cairo, Egypt ",Full timeExperienced · 2 - 5 Yrs of Exp · Data Analysis · Analysis · Data Analyst · Information Technology (IT) · Data · Analytical · Business · Reporting · SQL · Python,https://wuzzuf.net/jobs/p/vB9CF2PaHm4K-Data-Analyst-Shiny-white-dental-center-Cairo-Egypt?o=76&l=sp&t=sj&a=python|search-v3|hpb,,
Senior Odoo Developer,Pefect Presentation,1 month ago,"Maadi, Cairo, Egypt ",Full timeExperienced · 5 - 10 Yrs of Exp · Odoo · Computer Science · Programming · Information Technology (IT) · Python · HTML · PostgreSQL · XML · javaScript · jQuery,https://wuzzuf.net/jobs/p/QI4TabDFGtCx-Senior-Odoo-Developer-Pefect-Presentation-Cairo-Egypt?o=77&l=sp&t=sj&a=python|search-v3|hpb,,
Technical Software Team Leader,intrazero,1 month ago,"Nasr City, Cairo, Egypt ",Full timeManager · 5+ Yrs of Exp · Information Technology (IT) · Computer Science · Computer Engineering · Software · CSS · javaScript · HTML · Java · Python · PHP,https://wuzzuf.net/jobs/p/BR4W0NxJyrGy-Technical-Software-Team-Leader-intrazero-Cairo-Egypt?o=78&l=sp&t=sj&a=python|search-v3|hpb,,
Junior Software Engineer,Confidential -,1 month ago,"Maadi, Cairo, Egypt ",Full timeEntry Level · 0 - 2 Yrs of Exp · Computer Science · Telecom Engineering · Marketing · CRM · PHP · HTML · SQL · ERP · E-marketing · Media,https://wuzzuf.net/jobs/p/ZTioFUpkhY2b-Junior-Software-Engineer-Cairo-Egypt?o=79&l=sp&t=sj&a=python|search-v3|hpb,,
Process Improvement & Automation Specialist,Confidential -,1 month ago,"Obour City, Cairo, Egypt ",Full timeExperienced · 2 - 5 Yrs of Exp · Process Improvement · Quality Assurance · Quality Control · Computer Science · Artificial Intelligence · Data warehouse · Developing processes · Technologies · Telecom Engineering · Information Technology,https://wuzzuf.net/jobs/p/pFfeCCJSjWfk-Process-Improvement-Automation-Specialist-Cairo-Egypt?o=80&l=sp&t=sj&a=python|search-v3|hpb,,
Elixir Developer,Flairstech,1 month ago,"Maadi, Cairo, Egypt ",Full timeEntry Level · 1+ Yrs of Exp · Elixir · PHP · Ruby · C# · OOP · Python · Software Development · Information Technology (IT) · Computer Science · Computer Engineering,https://wuzzuf.net/jobs/p/k33viXg8GAAR-Elixir-Developer-Flairstech-Cairo-Egypt?o=81&l=sp&t=sj&a=python|search-v3|hpb,,
Full Stack Developer,Conference Organizing Bureau,1 month ago,"Mohandessin, Giza, Egypt ",Full timePart timeExperienced · 3 - 5 Yrs of Exp · Software Development · Full Stack · Web · Information Technology (IT) · Computer Science · javaScript · PHP · MySQL · React · Python,https://wuzzuf.net/jobs/p/4i7Xa9iwZmoQ-Full-Stack-Developer-Conference-Organizing-Bureau-Giza-Egypt?o=82&l=sp&t=sj&a=python|search-v3|hpb,,
Cloud Infrastructure Engineer - Cairo,ExaServe LLC,1 month ago,"Nasr City, Cairo, Egypt ",Full timeExperienced · 3 - 6 Yrs of Exp · Information Technology (IT) · Computer Science · Cloud · Infrastructure · AWS · Azure · Engineering · Networking · Python · Firewall,https://wuzzuf.net/jobs/p/NEtpkAzqYQ2F-Cloud-Infrastructure-Engineer---Cairo-ExaServe-LLC-Cairo-Egypt?o=83&l=sp&t=sj&a=python|search-v3|hpb,,
Senior Odoo Developer,Confidential -,1 month ago,"Victoria, Alexandria, Egypt ",Full timeExperienced · 3 - 5 Yrs of Exp · Information Technology (IT) · Computer Science · Odoo · Python · Software Development · XML · API · Programming · Software · Development,https://wuzzuf.net/jobs/p/CDuzyB9Subo8-Senior-Odoo-Developer-Alexandria-Egypt?o=84&l=sp&t=sj&a=python|search-v3|hpb,,
Odoo Technical Team Leader,Confidential -,1 month ago,"Victoria, Alexandria, Egypt ",Full timeManager · 4 - 6 Yrs of Exp · Computer Science · Information Technology (IT) · Software · Computer Engineering · Software Development · Engineering · Agile · Odoo · API · XML,https://wuzzuf.net/jobs/p/jAfuP3zVZd6g-Odoo-Technical-Team-Leader-Alexandria-Egypt?o=85&l=sp&t=sj&a=python|search-v3|hpb,,
Odoo Developer,Go2Martket Dynamics,1 month ago,"Sheraton, Cairo, Egypt ",Full timeExperienced · 2 - 5 Yrs of Exp · Computer Science · Odoo · Python · Odoo Development · Odoo Modules · Odoo Developer · Information Technology (IT) · PostgreSQL · HTML · XML,https://wuzzuf.net/jobs/p/dTKB736pZXEQ-Odoo-Developer-Go2Martket-Dynamics-Cairo-Egypt?o=86&l=sp&t=sj&a=python|search-v3|hpb,,
Big Data Engineer,Fawry Banking & Payment Technology Services,1 month ago,"6th of October, Giza, Egypt ",Full timeExperienced · 2+ Yrs of Exp · Information Technology (IT) · Telecom Engineering · Big Data · Big Data Applications · Linux · UNIX · Python · Java · javaScript · Java SE,https://wuzzuf.net/jobs/p/pZ5ffCOBOVAk-Big-Data-Engineer-Fawry-Banking-Payment-Technology-Services-Giza-Egypt?o=87&l=sp&t=sj&a=python|search-v3|hpb,,
Senior PHP Developer - Plugins Development,Paymob Solutions,1 month ago,"Maadi, Cairo, Egypt ",Full timeExperienced · 2+ Yrs of Exp · PHP · Web Development · Software Development · Laravel · Information Technology (IT) · Plugins Development · Computer Science · CSS · javaScript · HTML,https://wuzzuf.net/jobs/p/mnkTg5wWkleo-Senior-PHP-Developer---Plugins-Development-Paymob-Solutions-Cairo-Egypt?o=88&l=sp&t=sj&a=python|search-v3|hpb,,
Odoo Developer,Confidential -,1 month ago,"Cairo, Egypt ",Full timeWork from homeEntry Level · 1 - 3 Yrs of Exp · Computer Science · Odoo · Python · Development · Integration · Information Technology (IT) · IT/Software Development · Engineering - Telecom/Technology,https://wuzzuf.net/jobs/p/JxTa6OvIWZGQ-Odoo-Developer-Cairo-Egypt?o=89&l=sp&t=sj&a=python|search-v3|hpb,,
Senior PHP Developer - Cairo,Nabd,1 month ago,"Cairo, Egypt ",Full timeExperienced · 2 - 10 Yrs of Exp · PHP · javaScript · MySQL · CSS · HTML · Python · jQuery · Information Technology (IT) · Computer Science · Software Development,https://wuzzuf.net/jobs/p/CJ5KvJyJHy1X-Senior-PHP-Developer---Cairo-Nabd-Cairo-Egypt?o=90&l=sp&t=sj&a=python|search-v3|hpb,,
"Senior Front-End Developer (React, Angular )- Alexandria",Caduceus Lane,1 day ago,"Alexandria, Egypt ",Full timeExperienced · 5+ Yrs of Exp · Java · C++ · C# · HTML · CSS · Python · Information Technology (IT) · Adobe Illustrator · Adobe Indesign · Web Design,https://wuzzuf.net/jobs/p/cRNt6G9wYCIv-Senior-Front-End-Developer-React-Angular---Alexandria-Caduceus-Lane-Alexandria-Egypt?o=91&l=sp&t=sj&a=python|search-v3|hpb,,
Junior Developer,Superior Business Solutions,1 month ago,"Nasr City, Cairo, Egypt ",Full timeEntry Level · 1+ Yrs of Exp · Information Technology (IT) · Computer Science · Software Development · Software Engineering · Programming · Software · C# · Java · PHP · Agile,https://wuzzuf.net/jobs/p/e4fCsUiGx3ZJ-Junior-Developer-Superior-Business-Solutions-Cairo-Egypt?o=92&l=sp&t=sj&a=python|search-v3|hpb,,
Senior Computer Vision Engineer (Machine Learning),Confidential -,1 month ago,"Nasr City, Cairo, Egypt ",Full timeExperienced · 4+ Yrs of Exp · Mobile Image Processing · Computer Science · OpenCV · OpenGL · Bitbucket · Robust · PRD · Objective-C · Image Processing · C++,https://wuzzuf.net/jobs/p/OcFiE8DdCYPc-Senior-Computer-Vision-Engineer-Machine-Learning-Cairo-Egypt?o=93&l=sp&t=sj&a=python|search-v3|hpb,,
Senior Full Stack Developer,Superior Business Solutions,1 month ago,"Nasr City, Cairo, Egypt ",Full timeExperienced · 3+ Yrs of Exp · Information Technology (IT) · Software Development · Computer Science · javaScript · Python · Software · Node.js · English · PHP · C#,https://wuzzuf.net/jobs/p/vuEjfBXqE0kr-Senior-Full-Stack-Developer-Superior-Business-Solutions-Cairo-Egypt?o=94&l=sp&t=sj&a=python|search-v3|hpb,,
Full Stack Web Developer,White Corp.,1 month ago,"Maadi, Cairo, Egypt ",Full timeExperienced · 3 - 5 Yrs of Exp · Information Technology (IT) · Full Stack · Software Development · Computer Science · Javascript · CSS · HTML · XML · JQuery · MySQL,https://wuzzuf.net/jobs/p/tbtYwqUn09Zi-Full-Stack-Web-Developer-White-Corp-Cairo-Egypt?o=95&l=sp&t=sj&a=python|search-v3|hpb,,
Senior Full Stack Developer (PHP Laravel & Vue.js),CrossWorkers,1 month ago,"New Cairo, Cairo, Egypt ",Full timeExperienced · 3+ Yrs of Exp · Information Technology (IT) · Software Development · Laravel · VueJs · AJAX · MySQL · javaScript · PHP Laravel · PHP · Computer Science,https://wuzzuf.net/jobs/p/AEBwltYpwd52-Senior-Full-Stack-Developer-PHP-Laravel-Vuejs-CrossWorkers-Cairo-Egypt?o=96&l=sp&t=sj&a=python|search-v3|hpb,,
DevOps Engineer,Nabd,1 month ago,"Cairo, Egypt ",Full timeExperienced · 2+ Yrs of Exp · DevOps · AWS · Linux · SQL · Java · Python · Software · Information Technology (IT) · Computer Science · Software Development,https://wuzzuf.net/jobs/p/pUrA5rZBUOXu-DevOps-Engineer-Nabd-Cairo-Egypt?o=97&l=sp&t=sj&a=python|search-v3|hpb,,
Programming Instructor,Kidora,1 month ago,"6th of October, Giza, Egypt ",Freelance / ProjectExperienced · 5 - 10 Yrs of Exp · Programming · Computer Science · Education · Instructor · Online Curriculum · Python · Full Stack · C++ · C · IT/Software Development,https://wuzzuf.net/jobs/p/7QjOGAniCnaW-Programming-Instructor-Kidora-Giza-Egypt?o=98&l=sp&t=sj&a=python|search-v3|hpb,,
Linux Administrator - (Remote),ServerHub,1 month ago,"Dallas, United States ",Full timeWork from homeExperienced · 3+ Yrs of Exp · Linux · AWS · Python · Docker · XEN · KVM · DNS · PaaS · Ruby · Cloud Computing,https://wuzzuf.net/jobs/p/tc9QE9hjNIs6-Linux-Administrator---Remote-ServerHub-Dallas-United-States?o=99&l=sp&t=sj&a=python|search-v3|hpb,,
Full Stack Developer,Broadnet,1 month ago,"New Cairo, Cairo, Egypt ",Full timeExperienced · 2+ Yrs of Exp · Information Technology (IT) · Computer Science · Software · Software Engineering · Software Development · Web Development · Web Design · Design · HTML · CSS,https://wuzzuf.net/jobs/p/DdeUKlNW0fD7-Full-Stack-Developer-Broadnet-Cairo-Egypt?o=100&l=sp&t=sj&a=python|search-v3|hpb,,
ERPNext Developer,Ctopya,1 month ago,"Cairo, Egypt ",Full timeEntry Level · 1+ Yrs of Exp · Python · ERPNext · Information Technology (IT) · JavaScript · Computer Science · Frappè · Node.js · Redis · MariaDB · HTML,https://wuzzuf.net/jobs/p/kQVCrK1tfbw4-ERPNext-Developer-Ctopya-Cairo-Egypt?o=101&l=sp&t=sj&a=python|search-v3|hpb,,
Sr.DevOps Engineer,Ctopya,2 months ago,"Cairo, Egypt ",Full timeExperienced · 2+ Yrs of Exp · Computer Science · DevOps · Information Technology (IT) · Software Development · AWS · Ci/CD · SDLC · Software · Python · Azure,https://wuzzuf.net/jobs/p/IJzDgGOvJlzu-SrDevOps-Engineer-Ctopya-Cairo-Egypt?o=102&l=sp&t=sj&a=python|search-v3|hpb,,
Computer Instructor,Ultratech Solutions,2 months ago,"New Cairo, Cairo, Egypt ",Full timePart timeFreelance / ProjectEntry Level · 1 - 5 Yrs of Exp · Teaching · Training · Education · Computer Skills · Computer Science · Computer · IT/Software Development · Education/Teaching · Training/Instructor,https://wuzzuf.net/jobs/p/nY3zEAZ5MoVA-Computer-Instructor-Ultratech-Solutions-Cairo-Egypt?o=103&l=sp&t=sj&a=python|search-v3|hpb,,
Web Full Stack Tech Lead,Innlife,8 days ago,"Cairo, Egypt ",Full timeManager · 5+ Yrs of Exp · Information Technology (IT) · Computer Science · javaScript · CSS · PHP · jQuery · MySQL · .NET · Full Stack · Software Development,https://wuzzuf.net/jobs/p/NGJOvoH1Oa5N-Web-Full-Stack-Tech-Lead-Innlife-Cairo-Egypt?o=104&l=sp&t=sj&a=python|search-v3|hpb,,
Sr. Data Governance,MigrationIT.com,1 month ago,"Nasr City, Cairo, Egypt ",Full timeExperienced · 5 - 7 Yrs of Exp · Cloudera · Cloudera Tool · Data Managment · Data Governance · Computer Science · Information Technology (IT) · SQL · C++ · Data Modelling · IT/Software Development,https://wuzzuf.net/jobs/p/ecKLVxIGoinc-Sr-Data-Governance-MigrationIT-com-Cairo-Egypt?o=105&l=sp&t=sj&a=python|search-v3|hpb,,
Junior DevOps Engineer,Beyond Solution,5 days ago,"Maadi, Cairo, Egypt ",Full timeEntry Level · 1 - 3 Yrs of Exp · Computer Science · AWS · Linux · Rest · Information Technology (IT) · SonarQube · Docker · XRat · Jira · Bitbucket,https://wuzzuf.net/jobs/p/UkRvO6xTAp5D-Junior-DevOps-Engineer-Beyond-Solution-Cairo-Egypt?o=106&l=sp&t=sj&a=python|search-v3|hpb,,
Full Stack Developer,Orange Egypt,4 hours ago,"Giza, Egypt ",Full timeEntry Level · Information Technology (IT) · Software Development · MySQL · .NET · Computer Science · javaScript · Angular · PHP · Computer Engineering · React,https://wuzzuf.net/jobs/p/4CeASV0G8G72-Full-Stack-Developer-Orange-Egypt-Giza-Egypt?o=107&l=sp&t=sj&a=python|search-v3|hpb,,
Reporting & Data Analytics Specialist,Xerox Egypt,7 days ago,"New Cairo, Cairo, Egypt ",Full timeExperienced · 3 - 5 Yrs of Exp · Data Analysis · Reporting · MS Office · Excel · SQL · Data · Microsoft Excel · Big Data · DBMS · VBA Programming,https://wuzzuf.net/jobs/p/FXvwQQm7hZSn-Reporting-Data-Analytics-Specialist-Xerox-Egypt-Cairo-Egypt?o=108&l=sp&t=sj&a=python|search-v3|hpb,,
Red Hat OpenShift Technical Specialist,Prosoft Information Systems,10 days ago,"6th of October, Giza, Egypt ",Full timeExperienced · 2+ Yrs of Exp · Red Hat · RedHat · Linux · Unix · Container · K8 · IT/Software Development · Engineering - Telecom/Technology,https://wuzzuf.net/jobs/p/QMtH8km1i0jm-Red-Hat-OpenShift-Technical-Specialist-Prosoft-Information-Systems-Giza-Egypt?o=109&l=sp&t=sj&a=python|search-v3|hpb,,
Software Developer (Focusing on .NET),TMentors,14 days ago,"Maadi, Cairo, Egypt ",Full timeExperienced · 2 - 4 Yrs of Exp · .Net Core · .Net · Information Technology (IT) · Software Development · Computer Science · .NET · Software Engineering · Node.js · javaScript · English,https://wuzzuf.net/jobs/p/4Rvbq9Fj9704-Software-Developer-Focusing-on-NET-TMentors-Cairo-Egypt?o=110&l=sp&t=sj&a=python|search-v3|hpb,,
Senior Full Stack Developer ( PHP Developer ),Ship To Box,16 days ago,"Sheikh Zayed, Giza, Egypt ",Full timeExperienced · 3 - 10 Yrs of Exp · CSS · HTML · javaScript · Software Development · Computer Science · MySQL · Information Technology (IT) · Codelgniter Framework · Laravel · PHP,https://wuzzuf.net/jobs/p/SJZRFWRDv159-Senior-Full-Stack-Developer-PHP-Developer-Ship-To-Box-Giza-Egypt?o=111&l=sp&t=sj&a=python|search-v3|hpb,,
Senior .Net Developer,MigrationIT.com,8 days ago,"10th of Ramadan City, Cairo, Egypt ",Full timeExperienced · 4+ Yrs of Exp · Computer Science · Information Technology (IT) · Software Development · ASP.NET · C# · SQL · CSS · .NET · HTML5 · javaScript,https://wuzzuf.net/jobs/p/2wuTJYuxBolW-Senior-Net-Developer-MigrationIT-com-Cairo-Egypt?o=112&l=sp&t=sj&a=python|search-v3|hpb,,
Senior Net Full Stack Developer (Project Based),Onepoint HR Solutions,16 days ago,"Sheraton, Cairo, Egypt ",Freelance / ProjectExperienced · 3+ Yrs of Exp · Information Technology (IT) · Computer Science · Software Development · javaScript · .NET · Angular · SQL · C# · HTML · Full Stack,https://wuzzuf.net/jobs/p/UsUGSdGWJWTJ-Senior-Net-Full-Stack-Developer-Project-Based-Onepoint-HR-Solutions-Cairo-Egypt?o=113&l=sp&t=sj&a=python|search-v3|hpb,,
Senior DevOps Engineer,STC Solutions - Egypt,18 days ago,"New Cairo, Cairo, Egypt ",Full timeExperienced · 3+ Yrs of Exp · Software Development · Docker · DevOps · Linux · Jenkins · Splunk · CI/CD · Elastic · Kubernetes · Information Technology (IT),https://wuzzuf.net/jobs/p/vWskW3X1iOdL-Senior-DevOps-Engineer-STC-Solutions---Egypt-Cairo-Egypt?o=114&l=sp&t=sj&a=python|search-v3|hpb,,
DevOps/ProdOPS Engineer M/F Cairo (Egypt),Cegedim,16 days ago,"New Cairo, Cairo, Egypt ",Full timeExperienced · 3 - 5 Yrs of Exp · Computer Science · Computer Engineering · Information Technology (IT) · DevOps · ProdOPS · Gradle · Git · Openshift · AngularJS · Sonar,https://wuzzuf.net/jobs/p/FEy8grcG16ur-DevOpsProdOPS-Engineer-MF-Cairo-Egypt-Cegedim-Cairo-Egypt?o=115&l=sp&t=sj&a=python|search-v3|hpb,,
"Supervisor, Mobile Money",Orange Egypt,17 days ago,"Smart Village, Giza, Egypt ",Full timeEntry Level · 0 - 2 Yrs of Exp · Oracle · LINUX · Programming · IT · IT/Software Development · Engineering - Telecom/Technology,https://wuzzuf.net/jobs/p/tK0XLC6d6nYR-Supervisor-Mobile-Money-Orange-Egypt-Giza-Egypt?o=116&l=sp&t=sj&a=python|search-v3|hpb,,
Senior Backend Engineer,Digified,1 month ago,"Cairo, Egypt ",Full timeExperienced · 4 - 6 Yrs of Exp · Information Technology (IT) · Software Development · CSS · javaScript · MySQL · Agile · Software · Computer Science · PHP · HTML,https://wuzzuf.net/jobs/p/wWB6N1fqVWJU-Senior-Backend-Engineer-Digified-Cairo-Egypt?o=117&l=sp&t=sj&a=python|search-v3|hpb,,
Full Stack Developer,Confidential -,1 month ago,"Jeddah, Saudi Arabia ",Full timeExperienced · 2 - 5 Yrs of Exp · PHP · javaScript · MongoDB · linux · laravel · Software Development · Nginx · Information Technology (IT) · Computer Science · Angular,https://wuzzuf.net/jobs/p/gdt2IneBY15M-Full-Stack-Developer-Jeddah-Saudi-Arabia?o=118&l=sp&t=sj&a=python|search-v3|hpb,,
Full Stack Developer - Java,4level1,1 month ago,"Maadi, Cairo, Egypt ",Full timeExperienced · 4 - 6 Yrs of Exp · Computer Science · Full Stack · javaScript · HTML · CSS · PHP · SQL · .NET · Software Development · Information Technology (IT),https://wuzzuf.net/jobs/p/VV8JBggrCkDF-Full-Stack-Developer---Java-4level1-Cairo-Egypt?o=119&l=sp&t=sj&a=python|search-v3|hpb,,
Senior DevOps Engineer,Paymob Solutions,1 month ago,"Maadi, Cairo, Egypt ",Full timeExperienced · 2 - 4 Yrs of Exp · Computer Science · AWS · Information Technology (IT) · Ansible · RDS · EC2 · Kubernetes · MongoDB · Networking · S3,https://wuzzuf.net/jobs/p/2cpsM1OaI0Es-Senior-DevOps-Engineer-Paymob-Solutions-Cairo-Egypt?o=120&l=sp&t=sj&a=python|search-v3|hpb,,
Senior Unity Developer,Confidential -,3 days ago,"Maadi, Cairo, Egypt ",Full timeWork from homeExperienced · 4 - 7 Yrs of Exp · Software Development · Unity · C# · Information Technology (IT) · Computer Science · Web Development · Software Engineering · Computer Engineering · Git · 3ds Max,https://wuzzuf.net/jobs/p/xCUguT87F4q3-Senior-Unity-Developer-Cairo-Egypt?o=121&l=sp&t=sj&a=python|search-v3|hpb,,
Software Architect,INTDV,1 day ago,"Cairo, Egypt ",Full timeExperienced · 7 - 12 Yrs of Exp · Architectur · Architect · Robotics · AI · Computer Engineering · Computer Science · AI Architect · Django · Pytorch · APIs,https://wuzzuf.net/jobs/p/hF0Kixxz1TVs-Software-Architect-INTDV-Cairo-Egypt?o=122&l=sp&t=sj&a=python|search-v3|hpb,,
BI Developer,Global Brands,2 days ago,"New Cairo, Cairo, Egypt ",Full timeWork from homeExperienced · 3+ Yrs of Exp · Information Technology (IT) · BI · Computer Science · SSRS · SSIS · SSAS · Power BI · ETL · Azure · IT/Software Development,https://wuzzuf.net/jobs/p/gL3V9utosADT-BI-Developer-Global-Brands-Cairo-Egypt?o=123&l=sp&t=sj&a=python|search-v3|hpb,,
IT Consultant (Cyber & Cloud Security),AIMS International Egypt,27 days ago,"Cairo, Egypt ",Full timeManager · 5 - 15 Yrs of Exp · Linux · Azure · AWS · Computer Engineering · Computer Science · Engineering · Information Technology (IT) · Cloud · Security · Java,https://wuzzuf.net/jobs/p/maHqxcBFSyXu-IT-Consultant-Cyber-Cloud-Security-AIMS-International-Egypt-Cairo-Egypt?o=124&l=sp&t=sj&a=python|search-v3|hpb,,
Senior Full Stack Developer,Affsquare,1 month ago,"Sheraton, Cairo, Egypt ",Full timeExperienced · 3 - 5 Yrs of Exp · Information Technology (IT) · Computer Science · javaScript · CSS · PHP · MySQL · HTML5 · MongoDB · Angular · Software Development,https://wuzzuf.net/jobs/p/WYQzvFHfw08W-Senior-Full-Stack-Developer-Affsquare-Cairo-Egypt?o=125&l=sp&t=sj&a=python|search-v3|hpb,,
Full Stack Developer,EMIRATES BARQ,1 month ago,"Cairo, Egypt ",Full timeWork from homeExperienced · 3 - 7 Yrs of Exp · Laravel · PHP · Fron End · Back End · Full Stack · MySQL · Chat Bot · Node JS · JavaScript · HTML,https://wuzzuf.net/jobs/p/J6DhNNj0WldM-Full-Stack-Developer-EMIRATES-BARQ-Cairo-Egypt?o=126&l=sp&t=sj&a=python|search-v3|hpb,,
Senior Information Security Specialist,e-finance,1 month ago,"Smart Village, Giza, Egypt ",Full timeExperienced · 5+ Yrs of Exp · Computer Science · Information Technology (IT) · Computer Engineering · Security · Engineering · Testing · Information Security · Security Testing · Linux · Configuration,https://wuzzuf.net/jobs/p/YRGvSNxuUp5O-Senior-Information-Security-Specialist-e-finance-Giza-Egypt?o=127&l=sp&t=sj&a=python|search-v3|hpb,,
Full Stack Developer (.Net Core & Angular 9+),SmartTech Systems,18 days ago,"Nasr City, Cairo, Egypt ",Full timeExperienced · 2+ Yrs of Exp · .NET · Angular · C# · Full stack · .Net Developer · .Net Core · Computer Science · Information Technology (IT) · Software Development · ASP.NET,https://wuzzuf.net/jobs/p/5uMs7J31TIRa-Full-Stack-Developer-Net-Core-Angular-9-SmartTech-Systems-Cairo-Egypt?o=128&l=sp&t=sj&a=python|search-v3|hpb,,
Sr. Front End Engineer,Ronin,1 month ago,"Cairo, Egypt ",Full timeWork from homeExperienced · 3 - 6 Yrs of Exp · React.js · WASM · Web Assembly · WebGL · Javascript · React · Information Technology (IT) · Computer Science · Software Development · Software Engineering,https://wuzzuf.net/jobs/p/jhFiq9J7bME4-Sr-Front-End-Engineer-Ronin-Cairo-Egypt?o=129&l=sp&t=sj&a=python|search-v3|hpb,,
Senior Full Stack Developer / Software Engineer,Certifeka inc.,1 month ago,"New Cairo, Cairo, Egypt ",Full timeExperienced · 5 - 10 Yrs of Exp · Full Stack · Information Technology (IT) · Computer Science · Software Development · javaScript · HTML · CSS · jQuery · MySQL · Angular,https://wuzzuf.net/jobs/p/lPIukKuXICyP-Senior-Full-Stack-Developer-Software-Engineer-Certifeka-inc-Cairo-Egypt?o=130&l=sp&t=sj&a=python|search-v3|hpb,,
Remote Senior Web Developer,Scopic,2 months ago,"Cairo, Egypt ",Full timeWork from homeExperienced · 4+ Yrs of Exp · PHP · Web Development · Angular · Computer Science · javaScript · React · Information Technology (IT) · Software Development · SQL · C#,https://wuzzuf.net/jobs/p/XGssIGQRMziS-Remote-Senior-Web-Developer-Scopic-Cairo-Egypt?o=131&l=sp&t=sj&a=python|search-v3|hpb,,
Technical Lead,Rabbit Technology,1 month ago,"Alexandria, Egypt ",Full timeManager · 5+ Yrs of Exp · Software Development · Lead · Information Technology (IT) · Computer Science · Computer Engineering · Java · Agile · Software · AWS · .NET,https://wuzzuf.net/jobs/p/cgjt24eG3Hfj-Technical-Lead-Rabbit-Technology-Alexandria-Egypt?o=132&l=sp&t=sj&a=python|search-v3|hpb,,
